participant_id	age	sex	handedness
A00008326	59.0	FEMALE	RIGHT
A00008399	23.0	MALE	RIGHT
A00010893	28.0	MALE	n/a
A00013809	61.0	FEMALE	RIGHT
A00019903	83.0	MALE	RIGHT
A00021039	67.0	FEMALE	RIGHT
A00023510	23.0	MALE	n/a
A00025566	72.0	MALE	RIGHT 
A00027443	15.0	MALE	RIGHT
A00027544	22.0	MALE	RIGHT
A00027651	68.0	FEMALE	LEFT
A00028150	44.0	FEMALE	RIGHT
A00028152	51.0	MALE	RIGHT
A00028177	24.0	FEMALE	RIGHT
A00028184	57.0	MALE	LEFT
A00028192	49.0	MALE	RIGHT
A00028207	26.0	FEMALE	RIGHT
A00028246	55.0	FEMALE	RIGHT
A00028266	65.0	FEMALE	RIGHT
A00028287	21.0	FEMALE	RIGHT
A00028339	56.0	FEMALE	RIGHT
A00028340	75.0	FEMALE	RIGHT
A00028380	60.0	FEMALE	RIGHT
A00028389	61.0	MALE	RIGHT
A00028399	53.0	MALE	RIGHT
A00028400	48.0	FEMALE	RIGHT
A00028429	20.0	FEMALE	RIGHT
A00028430	57.0	FEMALE	RIGHT
A00028468	46.0	MALE	RIGHT
A00028522	84.0	MALE	n/a
A00028552	61.0	FEMALE	n/a
A00028605	59.0	MALE	n/a
A00028606	22.0	MALE	n/a
A00028613	64.0	FEMALE	RIGHT
A00028625	73.0	MALE	RIGHT
A00028656	20.0	FEMALE	RIGHT
A00028678	69.0	MALE	RIGHT
A00028691	59.0	FEMALE	RIGHT
A00028694	25.0	FEMALE	RIGHT
A00028753	41.0	FEMALE	RIGHT
A00028754	42.0	FEMALE	RIGHT
A00028766	19.0	MALE	RIGHT
A00028784	43.0	FEMALE	RIGHT
A00028822	57.0	FEMALE	RIGHT
A00028842	42.0	MALE	RIGHT
A00028844	19.0	MALE	RIGHT
A00028845	76.0	MALE	RIGHT
A00028858	80.0	MALE	RIGHT
A00028912	67.0	MALE	RIGHT
A00028929	63.0	FEMALE	RIGHT
A00028994	54.0	FEMALE	RIGHT
A00028995	49.0	FEMALE	RIGHT
A00029075	71.0	MALE	n/a
A00029076	20.0	MALE	RIGHT
A00029092	20.0	FEMALE	RIGHT
A00029104	44.0	FEMALE	RIGHT
A00029126	34.0	MALE	n/a
A00029127	23.0	MALE	RIGHT
A00029215	54.0	FEMALE	RIGHT
A00029219	77.0	MALE	LEFT
A00029230	51.0	FEMALE	RIGHT
A00029231	23.0	FEMALE	RIGHT
A00029303	19.0	FEMALE	RIGHT
A00029304	32.0	MALE	RIGHT
A00029979	20.0	FEMALE	RIGHT
A00030912	62.0	FEMALE	RIGHT
A00030913	18.0	MALE	RIGHT
A00030947	36.0	FEMALE	RIGHT
A00030980	13.0	FEMALE	RIGHT
A00030981	15.0	FEMALE	RIGHT
A00030989	30.0	FEMALE	RIGHT
A00030990	66.0	FEMALE	RIGHT
A00031145	18.0	MALE	RIGHT
A00031166	21.0	MALE	RIGHT
A00031167	47.0	FEMALE	RIGHT
A00031216	18.0	FEMALE	RIGHT
A00031217	18.0	MALE	RIGHT
A00031219	17.0	FEMALE	n/a
A00031272	22.0	FEMALE	RIGHT
A00031410	9.0	FEMALE	LEFT
A00031411	9.0	FEMALE	RIGHT
A00031452	50.0	MALE	RIGHT
A00031459	20.0	MALE	RIGHT
A00031549	23.0	FEMALE	RIGHT
A00031604	25.0	FEMALE	RIGHT
A00031605	39.0	FEMALE	n/a
A00031625	30.0	FEMALE	RIGHT
A00031683	51.0	MALE	n/a
A00031794	63.0	FEMALE	RIGHT
A00031871	33.0	MALE	RIGHT
A00031872	59.0	MALE	RIGHT
A00031893	51.0	FEMALE	RIGHT
A00031894	41.0	MALE	RIGHT
A00032007	20.0	MALE	RIGHT
A00032008	6.0	FEMALE	n/a
A00032010	76.0	FEMALE	RIGHT
A00032817	11.0	MALE	LEFT
A00032862	50.0	FEMALE	RIGHT
A00032875	37.0	FEMALE	LEFT
A00032876	60.0	FEMALE	RIGHT
A00033011	41.0	FEMALE	RIGHT
A00033021	74.0	FEMALE	RIGHT
A00033180	18.0	FEMALE	RIGHT
A00033231	18.0	MALE	RIGHT
A00033232	27.0	MALE	RIGHT
A00033247	22.0	MALE	RIGHT
A00033248	21.0	MALE	RIGHT
A00033589	58.0	FEMALE	RIGHT
A00033609	47.0	MALE	RIGHT
A00033640	21.0	MALE	LEFT
A00033643	26.0	MALE	RIGHT
A00033647	68.0	FEMALE	RIGHT
A00033673	66.0	FEMALE	RIGHT
A00033734	63.0	FEMALE	RIGHT
A00033735	70.0	FEMALE	RIGHT
A00033748	58.0	FEMALE	RIGHT
A00033752	65.0	FEMALE	RIGHT
A00033764	48.0	FEMALE	RIGHT
A00033832	39.0	FEMALE	RIGHT
A00033834	51.0	FEMALE	RIGHT
A00033849	57.0	FEMALE	RIGHT
A00033903	58.0	FEMALE	RIGHT
A00033962	65.0	MALE	RIGHT
A00033963	66.0	FEMALE	RIGHT
A00033998	62.0	MALE	RIGHT
A00034073	16.0	MALE	RIGHT
A00034074	17.0	FEMALE	RIGHT
A00034093	75.0	MALE	RIGHT
A00034193	27.0	FEMALE	RIGHT
A00034385	34.0	FEMALE	RIGHT
A00034400	59.0	FEMALE	RIGHT
A00034827	47.0	MALE	RIGHT
A00034987	42.0	FEMALE	RIGHT
A00035036	30.0	MALE	RIGHT
A00035054	81.0	MALE	RIGHT
A00035076	73.0	MALE	RIGHT
A00035337	81.0	FEMALE	RIGHT
A00035363	22.0	MALE	RIGHT
A00035378	54.0	FEMALE	RIGHT
A00035437	56.0	FEMALE	RIGHT
A00035440	62.0	FEMALE	RIGHT
A00035504	49.0	FEMALE	RIGHT
A00035535	43.0	FEMALE	RIGHT
A00035553	23.0	MALE	RIGHT
A00035562	51.0	FEMALE	RIGHT
A00035606	48.0	FEMALE	RIGHT
A00035608	24.0	MALE	n/a
A00035625	49.0	FEMALE	RIGHT
A00035633	49.0	MALE	RIGHT
A00035699	46.0	FEMALE	RIGHT
A00035744	49.0	FEMALE	RIGHT
A00035765	40.0	FEMALE	RIGHT
A00035798	44.0	MALE	RIGHT
A00035869	12.0	FEMALE	LEFT
A00035879	22.0	MALE	RIGHT
A00035881	24.0	FEMALE	RIGHT
A00035926	21.0	MALE	RIGHT
A00035941	14.0	FEMALE	RIGHT
A00035943	26.0	FEMALE	RIGHT
A00035951	44.0	MALE	RIGHT
A00035960	21.0	FEMALE	LEFT
A00037110	52.0	FEMALE	RIGHT
A00037111	52.0	FEMALE	RIGHT
A00037125	7.0	FEMALE	AMBIDEXTEROUS
A00037266	24.0	MALE	LEFT
A00037267	54.0	FEMALE	RIGHT
A00037368	12.0	MALE	RIGHT
A00037375	55.0	MALE	RIGHT
A00037377	49.0	FEMALE	RIGHT
A00037378	24.0	MALE	RIGHT
A00037386	57.0	FEMALE	RIGHT
A00037387	18.0	MALE	RIGHT
A00037396	31.0	FEMALE	RIGHT
A00037421	44.0	FEMALE	RIGHT
A00037439	53.0	MALE	RIGHT
A00037445	31.0	FEMALE	RIGHT
A00037457	55.0	FEMALE	RIGHT
A00037458	16.0	FEMALE	RIGHT
A00037459	13.0	MALE	LEFT
A00037476	20.0	MALE	RIGHT
A00037483	11.0	MALE	RIGHT
A00037492	55.0	MALE	RIGHT
A00037510	60.0	FEMALE	RIGHT
A00037522	64.0	MALE	RIGHT
A00037531	21.0	FEMALE	RIGHT
A00037545	58.0	MALE	RIGHT
A00037582	37.0	MALE	LEFT
A00037588	57.0	MALE	RIGHT
A00037635	59.0	MALE	RIGHT
A00037646	53.0	FEMALE	RIGHT
A00037647	24.0	FEMALE	RIGHT
A00037725	30.0	MALE	RIGHT
A00037726	56.0	FEMALE	RIGHT
A00037767	54.0	FEMALE	RIGHT
A00037768	41.0	FEMALE	RIGHT
A00037783	38.0	MALE	RIGHT
A00037784	41.0	MALE	RIGHT
A00037817	55.0	FEMALE	RIGHT
A00037818	74.0	MALE	RIGHT
A00037831	49.0	FEMALE	RIGHT
A00037866	37.0	MALE	RIGHT
A00037877	19.0	FEMALE	RIGHT
A00038115	38.0	FEMALE	RIGHT
A00038158	18.0	MALE	RIGHT
A00038159	18.0	MALE	RIGHT
A00038189	29.0	FEMALE	RIGHT
A00038285	19.0	MALE	RIGHT
A00038411	44.0	FEMALE	RIGHT
A00038414	60.0	FEMALE	RIGHT
A00038424	66.0	FEMALE	RIGHT
A00038519	78.0	FEMALE	RIGHT
A00038520	62.0	FEMALE	RIGHT
A00038522	25.0	MALE	RIGHT
A00038605	20.0	FEMALE	n/a
A00038616	29.0	MALE	n/a
A00038623	42.0	FEMALE	RIGHT
A00038642	28.0	MALE	RIGHT
A00038706	13.0	MALE	RIGHT
A00038718	21.0	MALE	RIGHT
A00038731	21.0	FEMALE	RIGHT
A00038805	70.0	FEMALE	RIGHT
A00038806	62.0	FEMALE	RIGHT
A00038817	49.0	FEMALE	LEFT
A00038831	23.0	MALE	RIGHT
A00038832	19.0	FEMALE	RIGHT
A00038957	50.0	FEMALE	RIGHT
A00038959	57.0	FEMALE	RIGHT
A00039040	83.0	FEMALE	RIGHT
A00039041	60.0	FEMALE	RIGHT
A00039074	47.0	FEMALE	RIGHT
A00039075	16.0	MALE	RIGHT
A00039083	79.0	FEMALE	RIGHT
A00039084	27.0	FEMALE	RIGHT
A00039118	49.0	FEMALE	RIGHT
A00039143	24.0	FEMALE	RIGHT
A00039159	18.0	FEMALE	RIGHT
A00039168	50.0	MALE	LEFT
A00039218	26.0	MALE	RIGHT
A00039249	52.0	FEMALE	RIGHT
A00039257	55.0	FEMALE	LEFT
A00039276	58.0	FEMALE	RIGHT
A00039331	59.0	FEMALE	RIGHT
A00039353	52.0	FEMALE	LEFT
A00039391	37.0	FEMALE	RIGHT
A00039393	49.0	FEMALE	LEFT
A00039431	33.0	FEMALE	RIGHT
A00039432	59.0	FEMALE	RIGHT
A00039461	45.0	MALE	RIGHT
A00039463	25.0	FEMALE	RIGHT
A00039490	71.0	FEMALE	RIGHT
A00039500	45.0	FEMALE	RIGHT
A00039559	66.0	MALE	RIGHT
A00039560	48.0	FEMALE	RIGHT
A00039593	66.0	FEMALE	RIGHT
A00039607	42.0	FEMALE	RIGHT
A00039635	53.0	FEMALE	RIGHT
A00039636	23.0	MALE	RIGHT
A00039639	71.0	MALE	RIGHT
A00039640	68.0	FEMALE	RIGHT
A00039655	69.0	MALE	RIGHT
A00039657	83.0	FEMALE	RIGHT
A00039669	61.0	FEMALE	RIGHT
A00039685	50.0	MALE	LEFT
A00039686	21.0	FEMALE	RIGHT
A00039699	59.0	MALE	RIGHT
A00039700	77.0	FEMALE	LEFT
A00039755	22.0	FEMALE	RIGHT
A00039758	66.0	MALE	LEFT
A00039783	74.0	MALE	RIGHT
A00039820	57.0	FEMALE	RIGHT
A00039845	72.0	FEMALE	RIGHT
A00039846	58.0	FEMALE	RIGHT
A00039866	12.0	FEMALE	RIGHT
A00039895	50.0	FEMALE	RIGHT
A00039916	72.0	FEMALE	RIGHT
A00039923	72.0	FEMALE	RIGHT
A00039951	42.0	MALE	RIGHT
A00039952	65.0	FEMALE	RIGHT
A00039966	69.0	FEMALE	LEFT
A00039974	60.0	FEMALE	LEFT
A00040116	50.0	FEMALE	RIGHT
A00040151	32.0	FEMALE	RIGHT
A00040152	76.0	MALE	RIGHT
A00040174	48.0	FEMALE	RIGHT
A00040181	85.0	FEMALE	RIGHT
A00040182	71.0	FEMALE	RIGHT
A00040193	35.0	FEMALE	RIGHT
A00040248	77.0	FEMALE	RIGHT
A00040257	70.0	FEMALE	RIGHT
A00040285	68.0	MALE	RIGHT
A00040286	65.0	FEMALE	RIGHT
A00040301	23.0	FEMALE	n/a
A00040311	66.0	FEMALE	RIGHT
A00040312	66.0	MALE	RIGHT
A00040324	70.0	MALE	RIGHT
A00040342	13.0	FEMALE	RIGHT
A00040343	63.0	FEMALE	RIGHT
A00040351	75.0	FEMALE	RIGHT
A00040382	79.0	MALE	RIGHT
A00040383	52.0	FEMALE	n/a
A00040439	58.0	FEMALE	RIGHT
A00040440	8.0	FEMALE	RIGHT
A00040461	52.0	FEMALE	RIGHT
A00040462	47.0	FEMALE	RIGHT
A00040493	45.0	FEMALE	RIGHT
A00040494	45.0	FEMALE	RIGHT
A00040500	51.0	FEMALE	RIGHT
A00040517	61.0	MALE	RIGHT
A00040524	25.0	FEMALE	RIGHT
A00040525	43.0	FEMALE	RIGHT
A00040556	9.0	MALE	LEFT
A00040567	65.0	FEMALE	LEFT
A00040573	27.0	FEMALE	RIGHT
A00040580	60.0	FEMALE	RIGHT
A00040594	51.0	MALE	LEFT
A00040599	61.0	FEMALE	RIGHT
A00040623	34.0	FEMALE	RIGHT
A00040628	20.0	FEMALE	RIGHT
A00040629	76.0	FEMALE	LEFT
A00040640	28.0	FEMALE	RIGHT
A00040678	46.0	FEMALE	RIGHT
A00040740	23.0	MALE	RIGHT
A00040741	66.0	FEMALE	RIGHT
A00040757	49.0	FEMALE	RIGHT
A00040784	60.0	FEMALE	RIGHT
A00040798	11.0	MALE	RIGHT
A00040800	16.0	MALE	LEFT
A00040806	45.0	MALE	RIGHT
A00040827	18.0	FEMALE	RIGHT
A00040891	57.0	FEMALE	RIGHT
A00040915	21.0	MALE	RIGHT
A00040944	35.0	MALE	RIGHT
A00041503	8.0	MALE	RIGHT
A00041540	46.0	FEMALE	RIGHT
A00043240	15.0	FEMALE	LEFT
A00043282	16.0	FEMALE	RIGHT
A00043283	44.0	MALE	RIGHT
A00043299	34.0	FEMALE	RIGHT
A00043324	46.0	FEMALE	RIGHT
A00043325	56.0	MALE	RIGHT
A00043384	21.0	FEMALE	RIGHT
A00043417	53.0	FEMALE	RIGHT
A00043450	22.0	FEMALE	RIGHT
A00043462	21.0	MALE	LEFT
A00043466	20.0	MALE	RIGHT
A00043494	9.0	MALE	RIGHT
A00043509	23.0	MALE	RIGHT
A00043521	44.0	FEMALE	RIGHT
A00043617	47.0	FEMALE	RIGHT
A00043634	58.0	FEMALE	RIGHT
A00043635	50.0	MALE	RIGHT
A00043649	22.0	MALE	RIGHT
A00043677	25.0	MALE	LEFT
A00043704	27.0	MALE	RIGHT
A00043721	36.0	FEMALE	RIGHT
A00043739	49.0	FEMALE	RIGHT
A00043740	14.0	MALE	RIGHT
A00043758	16.0	FEMALE	RIGHT
A00043762	53.0	FEMALE	RIGHT
A00043788	13.0	FEMALE	RIGHT
A00043790	49.0	FEMALE	RIGHT
A00043998	28.0	MALE	RIGHT
A00044011	44.0	FEMALE	RIGHT
A00044012	19.0	FEMALE	RIGHT
A00044068	79.0	FEMALE	RIGHT
A00044084	17.0	FEMALE	RIGHT
A00044130	22.0	FEMALE	RIGHT
A00044131	22.0	MALE	RIGHT
A00044154	53.0	FEMALE	RIGHT
A00044171	18.0	FEMALE	RIGHT
A00044291	24.0	FEMALE	RIGHT
A00044307	21.0	MALE	n/a
A00044344	63.0	FEMALE	RIGHT
A00044345	47.0	FEMALE	RIGHT
A00044369	66.0	MALE	RIGHT
A00044370	56.0	FEMALE	LEFT
A00044405	49.0	FEMALE	RIGHT
A00044408	83.0	FEMALE	RIGHT
A00044410	71.0	FEMALE	RIGHT
A00044427	75.0	FEMALE	RIGHT
A00045554	42.0	MALE	RIGHT
A00045589	63.0	MALE	RIGHT
A00045590	29.0	MALE	RIGHT
A00050677	7.0	FEMALE	AMBIDEXTEROUS
A00050679	81.0	FEMALE	RIGHT
A00050720	40.0	FEMALE	RIGHT
A00050721	46.0	FEMALE	n/a
A00050742	53.0	FEMALE	RIGHT
A00050743	15.0	FEMALE	RIGHT
A00050795	22.0	MALE	RIGHT
A00050847	10.0	MALE	RIGHT
A00050848	16.0	MALE	RIGHT
A00050940	31.0	MALE	AMBIDEXTEROUS
A00050977	71.0	FEMALE	RIGHT
A00050998	47.0	FEMALE	RIGHT
A00051063	18.0	MALE	RIGHT
A00051064	19.0	FEMALE	LEFT
A00051455	77.0	FEMALE	RIGHT
A00051456	62.0	FEMALE	RIGHT
A00051457	69.0	MALE	RIGHT
A00051477	21.0	MALE	RIGHT
A00051513	40.0	MALE	RIGHT
A00051514	21.0	FEMALE	RIGHT
A00051517	67.0	FEMALE	AMBIDEXTEROUS
A00051528	61.0	MALE	LEFT
A00051529	57.0	FEMALE	RIGHT
A00051539	28.0	FEMALE	RIGHT
A00051548	26.0	FEMALE	RIGHT
A00051603	18.0	MALE	RIGHT
A00051604	69.0	MALE	RIGHT
A00051638	18.0	FEMALE	RIGHT
A00051658	18.0	FEMALE	RIGHT
A00051676	32.0	MALE	RIGHT
A00051678	66.0	FEMALE	RIGHT
A00051679	27.0	MALE	RIGHT
A00051690	15.0	FEMALE	RIGHT
A00051726	18.0	MALE	RIGHT
A00051727	15.0	FEMALE	RIGHT
A00051758	15.0	FEMALE	RIGHT
A00051774	30.0	MALE	RIGHT
A00051796	78.0	MALE	RIGHT
A00051835	60.0	FEMALE	LEFT
A00051882	53.0	FEMALE	RIGHT
A00051925	49.0	FEMALE	RIGHT
A00051927	38.0	FEMALE	RIGHT
A00052069	10.0	MALE	RIGHT
A00052070	67.0	MALE	RIGHT
A00052117	42.0	FEMALE	RIGHT
A00052118	68.0	FEMALE	LEFT
A00052125	26.0	FEMALE	RIGHT
A00052126	24.0	MALE	LEFT
A00052165	8.0	FEMALE	AMBIDEXTEROUS
A00052180	47.0	FEMALE	RIGHT
A00052181	37.0	FEMALE	RIGHT
A00052183	16.0	MALE	RIGHT
A00052197	18.0	MALE	RIGHT
A00052214	75.0	FEMALE	RIGHT
A00052234	66.0	FEMALE	RIGHT
A00052235	27.0	MALE	RIGHT
A00052307	22.0	MALE	RIGHT
A00052319	47.0	FEMALE	RIGHT
A00052340	33.0	FEMALE	AMBIDEXTEROUS
A00052461	14.0	MALE	RIGHT
A00052499	68.0	FEMALE	RIGHT
A00052500	29.0	MALE	AMBIDEXTEROUS
A00052502	18.0	MALE	RIGHT
A00052560	38.0	MALE	RIGHT
A00052577	50.0	FEMALE	RIGHT
A00052612	47.0	FEMALE	RIGHT
A00052613	14.0	MALE	RIGHT
A00052614	17.0	FEMALE	RIGHT
A00052639	59.0	FEMALE	RIGHT
A00053202	43.0	FEMALE	LEFT
A00053203	10.0	MALE	RIGHT
A00053320	8.0	MALE	RIGHT
A00053369	62.0	FEMALE	RIGHT
A00053390	14.0	FEMALE	RIGHT
A00053455	38.0	FEMALE	RIGHT
A00053456	85.0	FEMALE	RIGHT
A00053473	31.0	MALE	RIGHT
A00053474	20.0	MALE	RIGHT
A00053475	30.0	MALE	RIGHT
A00053490	12.0	MALE	RIGHT
A00053546	18.0	MALE	RIGHT
A00053576	20.0	FEMALE	RIGHT
A00053577	23.0	FEMALE	RIGHT
A00053578	21.0	FEMALE	RIGHT
A00053625	72.0	FEMALE	RIGHT
A00053626	78.0	FEMALE	RIGHT
A00053627	53.0	FEMALE	RIGHT
A00053744	17.0	MALE	RIGHT
A00053850	25.0	FEMALE	LEFT
A00053851	29.0	FEMALE	RIGHT
A00053854	33.0	FEMALE	RIGHT
A00053873	6.0	MALE	LEFT
A00053874	47.0	FEMALE	RIGHT
A00053901	43.0	FEMALE	RIGHT
A00053902	37.0	FEMALE	RIGHT
A00053927	48.0	MALE	RIGHT
A00053949	64.0	MALE	AMBIDEXTEROUS
A00054019	32.0	FEMALE	AMBIDEXTEROUS
A00054038	68.0	FEMALE	RIGHT
A00054153	61.0	MALE	LEFT
A00054173	20.0	FEMALE	LEFT
A00054206	14.0	MALE	RIGHT
A00054358	56.0	FEMALE	RIGHT
A00054441	32.0	FEMALE	RIGHT
A00054482	71.0	FEMALE	RIGHT
A00054504	25.0	FEMALE	RIGHT
A00054532	22.0	FEMALE	RIGHT
A00054533	21.0	FEMALE	RIGHT
A00054534	21.0	FEMALE	AMBIDEXTEROUS
A00054578	9.0	MALE	AMBIDEXTEROUS
A00054581	10.0	MALE	RIGHT
A00054621	70.0	FEMALE	RIGHT
A00054857	39.0	FEMALE	RIGHT
A00054895	59.0	FEMALE	RIGHT
A00054897	49.0	MALE	RIGHT
A00054913	83.0	FEMALE	RIGHT
A00054914	39.0	FEMALE	RIGHT
A00054929	73.0	FEMALE	RIGHT
A00055061	53.0	FEMALE	RIGHT
A00055076	10.0	FEMALE	RIGHT
A00055116	15.0	FEMALE	RIGHT
A00055121	28.0	MALE	RIGHT
A00055122	15.0	MALE	RIGHT
A00055215	22.0	FEMALE	RIGHT
A00055262	9.0	MALE	RIGHT
A00055267	13.0	MALE	RIGHT
A00055332	15.0	MALE	RIGHT
A00055352	59.0	FEMALE	RIGHT
A00055353	68.0	FEMALE	RIGHT
A00055373	28.0	MALE	RIGHT
A00055446	29.0	FEMALE	RIGHT
A00055447	36.0	MALE	AMBIDEXTEROUS
A00055462	15.0	MALE	RIGHT
A00055541	9.0	MALE	RIGHT
A00055542	29.0	FEMALE	RIGHT
A00055612	8.0	FEMALE	LEFT
A00055624	10.0	FEMALE	RIGHT
A00055692	56.0	FEMALE	LEFT
A00055727	8.0	FEMALE	RIGHT
A00055728	9.0	FEMALE	RIGHT
A00055738	25.0	FEMALE	RIGHT
A00055763	36.0	MALE	RIGHT
A00055765	9.0	MALE	RIGHT
A00055832	6.0	FEMALE	RIGHT
A00055866	9.0	FEMALE	RIGHT
A00055867	15.0	MALE	RIGHT
A00055903	8.0	FEMALE	RIGHT
A00055906	15.0	MALE	RIGHT
A00055907	7.0	FEMALE	RIGHT
A00055908	10.0	MALE	RIGHT
A00055920	9.0	FEMALE	RIGHT
A00055921	7.0	FEMALE	RIGHT
A00055946	7.0	FEMALE	RIGHT
A00055962	36.0	FEMALE	RIGHT
A00055991	15.0	FEMALE	RIGHT
A00056022	9.0	MALE	RIGHT
A00056097	26.0	MALE	RIGHT
A00056098	34.0	FEMALE	RIGHT
A00056138	15.0	MALE	RIGHT
A00056164	62.0	MALE	RIGHT
A00056198	9.0	FEMALE	AMBIDEXTEROUS
A00056295	12.0	MALE	RIGHT
A00056372	68.0	FEMALE	RIGHT
A00056419	6.0	FEMALE	RIGHT
A00056420	9.0	MALE	RIGHT
A00056452	40.0	FEMALE	AMBIDEXTEROUS
A00056453	17.0	MALE	AMBIDEXTEROUS
A00056470	12.0	FEMALE	RIGHT
A00056489	36.0	MALE	RIGHT
A00056556	38.0	MALE	RIGHT
A00056605	14.0	FEMALE	LEFT
A00056627	22.0	FEMALE	RIGHT
A00056628	13.0	MALE	RIGHT
A00056679	9.0	FEMALE	RIGHT
A00056703	16.0	MALE	RIGHT
A00056830	8.0	FEMALE	RIGHT
A00056898	22.0	FEMALE	RIGHT
A00056919	25.0	MALE	RIGHT
A00056920	10.0	MALE	RIGHT
A00056949	33.0	FEMALE	RIGHT
A00057005	21.0	MALE	RIGHT
A00057035	23.0	MALE	RIGHT
A00057182	21.0	FEMALE	RIGHT
A00057183	28.0	FEMALE	AMBIDEXTEROUS
A00057203	21.0	FEMALE	RIGHT
A00057235	21.0	FEMALE	RIGHT
A00057372	26.0	MALE	RIGHT
A00057405	13.0	FEMALE	RIGHT
A00057406	21.0	FEMALE	RIGHT
A00057444	23.0	FEMALE	RIGHT
A00057445	56.0	FEMALE	RIGHT
A00057725	7.0	FEMALE	RIGHT
A00057786	22.0	FEMALE	RIGHT
A00057808	27.0	FEMALE	RIGHT
A00057809	8.0	FEMALE	RIGHT
A00057862	10.0	FEMALE	RIGHT
A00057863	8.0	MALE	AMBIDEXTEROUS
A00057965	37.0	MALE	RIGHT
A00057967	11.0	MALE	AMBIDEXTEROUS
A00058004	8.0	MALE	RIGHT
A00058053	14.0	FEMALE	RIGHT
A00058060	8.0	FEMALE	RIGHT
A00058061	10.0	FEMALE	AMBIDEXTEROUS
A00058130	80.0	MALE	LEFT
A00058145	80.0	FEMALE	RIGHT
A00058214	24.0	FEMALE	RIGHT
A00058215	6.0	FEMALE	RIGHT
A00058218	38.0	FEMALE	RIGHT
A00058229	15.0	MALE	RIGHT
A00058318	72.0	FEMALE	RIGHT
A00058436	70.0	FEMALE	RIGHT
A00058503	42.0	FEMALE	RIGHT
A00058515	25.0	FEMALE	LEFT
A00058516	10.0	MALE	RIGHT
A00058537	14.0	MALE	RIGHT
A00058552	45.0	FEMALE	RIGHT
A00058570	9.0	FEMALE	RIGHT
A00058621	21.0	FEMALE	RIGHT
A00058644	71.0	FEMALE	RIGHT
A00058667	23.0	FEMALE	RIGHT
A00058685	17.0	MALE	RIGHT
A00058951	8.0	FEMALE	AMBIDEXTEROUS
A00058952	38.0	MALE	RIGHT
A00058998	71.0	FEMALE	RIGHT
A00058999	21.0	FEMALE	RIGHT
A00059074	35.0	FEMALE	RIGHT
A00059107	57.0	FEMALE	RIGHT
A00059109	11.0	MALE	AMBIDEXTEROUS
A00059325	12.0	MALE	AMBIDEXTEROUS
A00059327	11.0	FEMALE	RIGHT
A00059344	43.0	MALE	RIGHT
A00059346	42.0	FEMALE	AMBIDEXTEROUS
A00059361	69.0	MALE	RIGHT
A00059427	10.0	FEMALE	RIGHT
A00059428	34.0	FEMALE	RIGHT
A00059527	21.0	FEMALE	RIGHT
A00059662	57.0	FEMALE	AMBIDEXTEROUS
A00059663	71.0	FEMALE	RIGHT
A00059664	63.0	FEMALE	RIGHT
A00059733	9.0	MALE	RIGHT
A00059734	6.0	FEMALE	AMBIDEXTEROUS
A00059756	34.0	FEMALE	RIGHT
A00059845	44.0	MALE	RIGHT
A00059865	14.0	FEMALE	RIGHT
A00059875	8.0	FEMALE	AMBIDEXTEROUS
A00059911	26.0	FEMALE	RIGHT
A00059935	15.0	MALE	RIGHT
A00059990	18.0	MALE	RIGHT
A00060005	56.0	FEMALE	AMBIDEXTEROUS
A00060006	31.0	FEMALE	RIGHT
A00060093	27.0	MALE	RIGHT
A00060099	12.0	MALE	RIGHT
A00060100	10.0	MALE	RIGHT
A00060169	22.0	FEMALE	RIGHT
A00060170	65.0	MALE	RIGHT
A00060184	70.0	MALE	RIGHT
A00060185	68.0	FEMALE	RIGHT
A00060252	78.0	FEMALE	RIGHT
A00060259	32.0	FEMALE	RIGHT
A00060264	52.0	FEMALE	RIGHT
A00060265	11.0	FEMALE	RIGHT
A00060279	28.0	FEMALE	RIGHT
A00060280	16.0	MALE	LEFT
A00060301	75.0	MALE	RIGHT
A00060302	22.0	FEMALE	RIGHT
A00060306	76.0	MALE	RIGHT
A00060372	30.0	FEMALE	RIGHT
A00060383	55.0	MALE	AMBIDEXTEROUS
A00060384	12.0	FEMALE	RIGHT
A00060407	43.0	MALE	RIGHT
A00060429	10.0	FEMALE	RIGHT
A00060430	45.0	FEMALE	RIGHT
A00060431	72.0	MALE	LEFT
A00060471	25.0	MALE	RIGHT
A00060472	16.0	MALE	RIGHT
A00060480	32.0	MALE	RIGHT
A00060493	6.0	FEMALE	RIGHT
A00060503	13.0	MALE	LEFT
A00060516	23.0	MALE	RIGHT
A00060574	57.0	FEMALE	RIGHT
A00060575	66.0	FEMALE	RIGHT
A00060582	22.0	FEMALE	LEFT
A00060602	67.0	FEMALE	RIGHT
A00060603	11.0	MALE	RIGHT
A00060628	18.0	FEMALE	AMBIDEXTEROUS
A00060629	19.0	MALE	RIGHT
A00060630	28.0	FEMALE	RIGHT
A00060662	26.0	MALE	RIGHT
A00060664	12.0	FEMALE	RIGHT
A00060675	6.0	FEMALE	RIGHT
A00060773	23.0	FEMALE	RIGHT
A00060806	16.0	FEMALE	RIGHT
A00060848	27.0	FEMALE	RIGHT
A00060923	64.0	FEMALE	RIGHT
A00060925	24.0	FEMALE	RIGHT
A00061001	44.0	FEMALE	RIGHT
A00061021	62.0	FEMALE	RIGHT
A00061203	53.0	FEMALE	LEFT
A00061204	40.0	MALE	RIGHT
A00061210	57.0	MALE	RIGHT
A00061263	49.0	MALE	RIGHT
A00061274	76.0	MALE	RIGHT
A00061275	65.0	MALE	RIGHT
A00061276	37.0	FEMALE	RIGHT
A00061281	66.0	MALE	LEFT
A00061284	31.0	FEMALE	RIGHT
A00061298	17.0	FEMALE	LEFT
A00061387	22.0	MALE	RIGHT
A00061415	10.0	MALE	LEFT
A00061483	62.0	FEMALE	RIGHT
A00061485	64.0	FEMALE	RIGHT
A00061597	45.0	FEMALE	RIGHT
A00061598	28.0	FEMALE	RIGHT
A00061600	65.0	MALE	RIGHT
A00061634	51.0	FEMALE	RIGHT
A00061647	52.0	FEMALE	RIGHT
A00061656	65.0	MALE	LEFT
A00061666	69.0	FEMALE	LEFT
A00061709	23.0	MALE	RIGHT
A00061711	42.0	MALE	RIGHT
A00061714	16.0	MALE	RIGHT
A00061715	17.0	MALE	RIGHT
A00061725	74.0	FEMALE	RIGHT
A00061727	20.0	FEMALE	RIGHT
A00061728	66.0	FEMALE	RIGHT
A00061730	11.0	FEMALE	RIGHT
A00061749	13.0	FEMALE	RIGHT
A00061767	65.0	MALE	RIGHT
A00061787	69.0	FEMALE	RIGHT
A00061790	49.0	FEMALE	RIGHT
A00061802	54.0	MALE	RIGHT
A00061806	37.0	MALE	RIGHT
A00061881	19.0	MALE	RIGHT
A00061882	25.0	FEMALE	RIGHT
A00061883	14.0	MALE	RIGHT
A00061923	16.0	FEMALE	RIGHT
A00061962	51.0	FEMALE	RIGHT
A00062009	11.0	MALE	RIGHT
A00062081	12.0	MALE	RIGHT
A00062085	8.0	MALE	n/a
A00062144	15.0	FEMALE	RIGHT
A00062146	14.0	FEMALE	RIGHT
A00062210	43.0	FEMALE	RIGHT
A00062248	30.0	FEMALE	RIGHT
A00062255	46.0	MALE	RIGHT
A00062266	42.0	FEMALE	RIGHT
A00062268	50.0	FEMALE	RIGHT
A00062282	38.0	MALE	RIGHT
A00062285	51.0	FEMALE	LEFT
A00062288	33.0	MALE	RIGHT
A00062292	52.0	FEMALE	RIGHT
A00062349	6.0	MALE	RIGHT
A00062351	29.0	MALE	RIGHT
A00062353	10.0	FEMALE	RIGHT
A00062361	9.0	MALE	RIGHT
A00062368	52.0	FEMALE	RIGHT
A00062369	16.0	FEMALE	LEFT
A00062411	27.0	FEMALE	RIGHT
A00062416	57.0	FEMALE	RIGHT
A00062797	11.0	FEMALE	RIGHT
A00062798	6.0	FEMALE	LEFT
A00062809	15.0	FEMALE	RIGHT
A00062917	24.0	FEMALE	RIGHT
A00062920	68.0	FEMALE	RIGHT
A00062923	67.0	FEMALE	RIGHT
A00062926	46.0	FEMALE	RIGHT
A00062928	62.0	FEMALE	RIGHT
A00062929	57.0	FEMALE	RIGHT
A00062934	34.0	MALE	RIGHT
A00062937	63.0	MALE	RIGHT
A00062942	42.0	FEMALE	RIGHT
A00062983	17.0	MALE	RIGHT
A00062989	15.0	FEMALE	RIGHT
A00062996	11.0	FEMALE	RIGHT
A00062997	8.0	MALE	RIGHT
A00063000	57.0	FEMALE	RIGHT
A00063003	13.0	MALE	RIGHT
A00063006	11.0	FEMALE	RIGHT
A00063008	43.0	FEMALE	RIGHT
A00063031	56.0	FEMALE	RIGHT
A00063103	23.0	FEMALE	RIGHT
A00063110	54.0	MALE	LEFT
A00063326	35.0	MALE	RIGHT
A00063327	9.0	FEMALE	RIGHT
A00063329	12.0	FEMALE	RIGHT
A00063368	27.0	FEMALE	RIGHT
A00063383	17.0	FEMALE	RIGHT
A00063424	47.0	FEMALE	RIGHT
A00063425	14.0	MALE	RIGHT
A00063450	19.0	FEMALE	LEFT
A00063455	66.0	MALE	RIGHT
A00063458	82.0	MALE	RIGHT
A00063470	75.0	MALE	RIGHT
A00063473	73.0	FEMALE	RIGHT
A00063479	75.0	FEMALE	RIGHT
A00063481	53.0	FEMALE	RIGHT
A00063589	24.0	MALE	RIGHT
A00064053	52.0	FEMALE	RIGHT
A00064061	74.0	FEMALE	RIGHT
A00064081	44.0	FEMALE	RIGHT
A00064323	65.0	MALE	RIGHT
A00064328	69.0	FEMALE	RIGHT
A00064415	48.0	MALE	RIGHT
A00064416	17.0	FEMALE	LEFT
A00064418	11.0	FEMALE	RIGHT
A00064503	12.0	MALE	RIGHT
A00064505	15.0	MALE	RIGHT
A00064507	10.0	MALE	RIGHT
A00064580	25.0	MALE	RIGHT
A00064596	12.0	MALE	RIGHT
A00064597	10.0	FEMALE	RIGHT
A00065178	10.0	MALE	RIGHT
A00065185	6.0	MALE	RIGHT
A00065197	18.0	MALE	RIGHT
A00065250	10.0	MALE	RIGHT
A00065261	9.0	MALE	LEFT
A00065262	13.0	FEMALE	LEFT
A00065263	12.0	MALE	RIGHT
A00065302	70.0	FEMALE	RIGHT
A00065379	42.0	MALE	RIGHT
A00065478	54.0	FEMALE	RIGHT
A00065480	45.0	FEMALE	LEFT
A00065487	42.0	FEMALE	RIGHT
A00065565	84.0	MALE	RIGHT
A00065572	54.0	FEMALE	RIGHT
A00065574	23.0	MALE	RIGHT
A00065617	23.0	MALE	RIGHT
A00065717	61.0	MALE	RIGHT
A00065722	59.0	MALE	RIGHT
A00065743	51.0	FEMALE	LEFT
A00065749	60.0	MALE	LEFT
A00065750	8.0	MALE	RIGHT
A00065790	23.0	FEMALE	LEFT
A00065792	7.0	FEMALE	RIGHT
A00065802	14.0	MALE	RIGHT
A00065820	9.0	MALE	RIGHT
A00065865	81.0	MALE	RIGHT
A00065873	52.0	FEMALE	RIGHT
A00065934	17.0	MALE	RIGHT
A00065935	42.0	FEMALE	RIGHT
A00065941	15.0	MALE	RIGHT
A00065974	44.0	FEMALE	RIGHT
A00065991	43.0	FEMALE	RIGHT
A00065992	7.0	FEMALE	RIGHT
A00065995	45.0	MALE	LEFT
A00066013	50.0	FEMALE	RIGHT
A00066087	22.0	MALE	RIGHT
A00066091	22.0	MALE	RIGHT
A00066130	75.0	FEMALE	RIGHT
A00066153	21.0	MALE	RIGHT
A00066154	53.0	FEMALE	RIGHT
A00066162	52.0	FEMALE	RIGHT
A00066232	23.0	MALE	RIGHT
A00066236	33.0	MALE	RIGHT
A00066237	53.0	FEMALE	RIGHT
A00066245	49.0	FEMALE	RIGHT
A00066246	22.0	MALE	RIGHT
A00066282	38.0	FEMALE	RIGHT
A00066302	57.0	FEMALE	RIGHT
A00066314	13.0	MALE	RIGHT
A00066319	23.0	FEMALE	RIGHT
A00066389	69.0	FEMALE	LEFT
A00066396	14.0	MALE	RIGHT
A00066419	53.0	FEMALE	RIGHT
A00066460	65.0	MALE	RIGHT
A00066534	8.0	MALE	LEFT
A00066539	60.0	MALE	RIGHT
A00066572	14.0	FEMALE	RIGHT
A00066573	7.0	MALE	RIGHT
A00066580	9.0	FEMALE	RIGHT
A00066581	12.0	MALE	RIGHT
A00066582	14.0	FEMALE	RIGHT
A00066584	17.0	MALE	RIGHT
A00066589	13.0	FEMALE	RIGHT
A00066697	10.0	FEMALE	RIGHT
A00066698	10.0	FEMALE	RIGHT
A00066735	22.0	MALE	RIGHT
A00066781	27.0	MALE	RIGHT
A00066784	12.0	FEMALE	RIGHT
A00066788	39.0	FEMALE	RIGHT
A00066800	48.0	FEMALE	RIGHT
A00066812	23.0	MALE	RIGHT
A00066820	75.0	FEMALE	RIGHT
A00066822	26.0	FEMALE	RIGHT
A00066827	26.0	FEMALE	RIGHT
A00066831	73.0	FEMALE	RIGHT
A00066860	7.0	FEMALE	RIGHT
A00066864	58.0	FEMALE	RIGHT
A00066865	36.0	FEMALE	RIGHT
A00066871	46.0	FEMALE	RIGHT
A00066926	23.0	MALE	RIGHT
A00067174	67.0	MALE	RIGHT
A00072203	23.0	FEMALE	RIGHT
A00073230	59.0	FEMALE	RIGHT
A00073283	42.0	FEMALE	RIGHT
A00073296	74.0	FEMALE	RIGHT
A00073308	74.0	MALE	LEFT
A00073330	n/a	n/a	n/a
A00073525	52.0	FEMALE	RIGHT
A00073529	54.0	FEMALE	RIGHT
A00073545	7.0	FEMALE	RIGHT
A00073600	22.0	FEMALE	RIGHT
A00073611	64.0	FEMALE	RIGHT
A00073677	44.0	FEMALE	RIGHT
A00073705	78.0	FEMALE	RIGHT
A00073942	62.0	FEMALE	RIGHT
A00073953	69.0	FEMALE	RIGHT
A00074000	30.0	MALE	LEFT
A00074034	10.0	FEMALE	RIGHT
A00018030	11.0	FEMALE	LEFT
A00027159	11.0	MALE	RIGHT
A00027167	14.0	FEMALE	RIGHT
A00027439	15.0	MALE	RIGHT
A00028185	26.0	MALE	RIGHT
A00028352	23.0	FEMALE	RIGHT
A00031578	10.0	FEMALE	RIGHT
A00031881	15.0	MALE	RIGHT
A00033714	15.0	MALE	RIGHT
A00033747	26.0	FEMALE	RIGHT
A00034350	11.0	MALE	RIGHT
A00034854	21.0	FEMALE	RIGHT
A00035072	36.0	FEMALE	RIGHT
A00035291	13.0	FEMALE	RIGHT
A00035292	11.0	MALE	RIGHT
A00035364	12.0	MALE	RIGHT
A00035377	15.0	FEMALE	LEFT
A00035561	11.0	MALE	RIGHT
A00035827	36.0	MALE	RIGHT
A00035840	25.0	FEMALE	RIGHT
A00035940	16.0	MALE	RIGHT
A00035945	13.0	MALE	RIGHT
A00037112	35.0	FEMALE	RIGHT
A00037511	31.0	MALE	RIGHT
A00037848	32.0	MALE	RIGHT
A00038998	26.0	MALE	RIGHT
A00039277	27.0	FEMALE	RIGHT
A00039488	27.0	MALE	LEFT
A00043520	28.0	MALE	AMBIDEXTEROUS
A00043722	28.0	MALE	AMBIDEXTEROUS
A00051691	6.0	MALE	RIGHT
A00056020	6.0	MALE	RIGHT
A00039943	15.0	MALE	RIGHT
A00040117	6.0	MALE	RIGHT
A00040815	9.0	MALE	RIGHT
A00052182	12.0	MALE	RIGHT
A00052237	17.0	FEMALE	RIGHT
A00053171	8.0	MALE	AMBIDEXTEROUS
A00055693	8.0	FEMALE	LEFT
A00055806	30.0	FEMALE	RIGHT
A00056306	37.0	FEMALE	RIGHT
A00056307	8.0	FEMALE	RIGHT
A00056746	8.0	MALE	RIGHT
A00057480	10.0	MALE	LEFT
A00059326	8.0	MALE	RIGHT
A00060632	33.0	MALE	RIGHT
A00060846	13.0	FEMALE	LEFT
A00041049	58.0	FEMALE	RIGHT
A00039819	24.0	MALE	RIGHT
